﻿<?xml version="1.0" encoding="utf-8" standalone="yes"?>
<language alias="en" intName="English (US)" localName="English (US)" lcid="" culture="en-US">
  <creator>
    <name>Your IT Team</name>
    <link>https://youritteam.com.au</link>
  </creator>
  <area alias="content">
    <key alias="addDate">Add date</key>
    <key alias="deleteDate">Remove date</key>
    <key alias="addHours">Add hours</key>
    <key alias="deleteHours">Remove hours</key>
  </area>
  <area alias="validation">
    <key alias="invalidTime">Invalid time</key>
  </area>
</language>
